Elapsed Time, Bank, EEPROM, Failures
0, 0, 0, 4000
0, 0, 1, 4000
0, 0, 2, 4000
0, 0, 3, 4000
0, 0, 4, 512000
0, 0, 5, 512000
0, 0, 6, 512000
0, 0, 7, 512000
0, 1, 0, 32000
0, 1, 1, 32000
0, 1, 2, 32000
0, 1, 3, 32000
0, 1, 4, 128000
0, 1, 5, 128000
0, 1, 6, 128000
0, 1, 7, 128000
0, 0, 0, 8000
0, 0, 1, 8000
0, 0, 2, 8000
0, 0, 3, 8000
0, 0, 4, 1024000
0, 0, 5, 1024000
0, 0, 6, 1024000
0, 0, 7, 1024000
0, 1, 0, 64000
0, 1, 1, 64000
0, 1, 2, 64000
0, 1, 3, 64000
0, 1, 4, 256000
0, 1, 5, 256000
0, 1, 6, 256000
0, 1, 7, 256000
0, 0, 0, 12000
0, 0, 1, 12000
0, 0, 2, 12000
0, 0, 3, 12000
0, 0, 4, 1536000
0, 0, 5, 1536000
0, 0, 6, 1536000
0, 0, 7, 1536000
0, 1, 0, 96000
0, 1, 1, 96000
0, 1, 2, 96000
0, 1, 3, 96000
0, 1, 4, 384000
0, 1, 5, 384000
0, 1, 6, 384000
0, 1, 7, 384000
0, 0, 0, 16000
0, 0, 1, 16000
0, 0, 2, 16000
0, 0, 3, 16000
0, 0, 4, 2048000
0, 0, 5, 2048000
0, 0, 6, 2048000
0, 0, 7, 2048000
0, 1, 0, 128000
0, 1, 1, 128000
0, 1, 2, 128000
0, 1, 3, 128000
0, 1, 4, 512000
0, 1, 5, 512000
0, 1, 6, 512000
0, 1, 7, 512000
0, 0, 0, 20000
0, 0, 1, 20000
0, 0, 2, 20000
0, 0, 3, 20000
0, 0, 4, 2560000
0, 0, 5, 2560000
0, 0, 6, 2560000
0, 0, 7, 2560000
0, 1, 0, 160000
0, 1, 1, 160000
0, 1, 2, 160000
0, 1, 3, 160000
0, 1, 4, 640000
0, 1, 5, 640000
0, 1, 6, 640000
0, 1, 7, 640000
0, 0, 0, 24000
0, 0, 1, 24000
0, 0, 2, 24000
0, 0, 3, 24000
0, 0, 4, 3072000
0, 0, 5, 3072000
0, 0, 6, 3072000
0, 0, 7, 3072000
0, 1, 0, 192000
0, 1, 1, 192000
0, 1, 2, 192000
0, 1, 3, 192000
0, 1, 4, 768000
0, 1, 5, 768000
0, 1, 6, 768000
0, 1, 7, 768000
0, 0, 0, 28000
0, 0, 1, 28000
0, 0, 2, 28000
0, 0, 3, 28000
0, 0, 4, 3584000
0, 0, 5, 3584000
0, 0, 6, 3584000
0, 0, 7, 3584000
0, 1, 0, 224000
0, 1, 1, 224000
0, 1, 2, 224000
0, 1, 3, 224000
0, 1, 4, 896000
0, 1, 5, 896000
0, 1, 6, 896000
0, 1, 7, 896000
0, 0, 0, 32000
0, 0, 1, 32000
0, 0, 2, 32000
0, 0, 3, 32000
0, 0, 4, 4096000
0, 0, 5, 4096000
0, 0, 6, 4096000
0, 0, 7, 4096000
0, 1, 0, 256000
0, 1, 1, 256000
0, 1, 2, 256000
0, 1, 3, 256000
0, 1, 4, 1024000
0, 1, 5, 1024000
0, 1, 6, 1024000
0, 1, 7, 1024000
0, 0, 0, 36000
0, 0, 1, 36000
0, 0, 2, 36000
0, 0, 3, 36000
0, 0, 4, 4608000
0, 0, 5, 4608000
0, 0, 6, 4608000
0, 0, 7, 4608000
0, 1, 0, 288000
0, 1, 1, 288000
0, 1, 2, 288000
0, 1, 3, 288000
0, 1, 4, 1152000
0, 1, 5, 1152000
0, 1, 6, 1152000
0, 1, 7, 1152000
0, 0, 0, 40000
0, 0, 1, 40000
0, 0, 2, 40000
0, 0, 3, 40000
0, 0, 4, 5120000
0, 0, 5, 5120000
0, 0, 6, 5120000
1, 0, 7, 5120000
1, 1, 0, 320000
1, 1, 1, 320000
1, 1, 2, 320000
1, 1, 3, 320000
1, 1, 4, 1280000
1, 1, 5, 1280000
1, 1, 6, 1280000
1, 1, 7, 1280000
1, 0, 0, 44000
1, 0, 1, 44000
1, 0, 2, 44000
1, 0, 3, 44000
1, 0, 4, 5632000
1, 0, 5, 5632000
1, 0, 6, 5632000
1, 0, 7, 5632000
1, 1, 0, 352000
1, 1, 1, 352000
1, 1, 2, 352000
1, 1, 3, 352000
1, 1, 4, 1408000
1, 1, 5, 1408000
1, 1, 6, 1408000
1, 1, 7, 1408000
1, 0, 0, 48000
1, 0, 1, 48000
1, 0, 2, 48000
1, 0, 3, 48000
1, 0, 4, 6144000
1, 0, 5, 6144000
1, 0, 6, 6144000
1, 0, 7, 6144000
1, 1, 0, 384000
1, 1, 1, 384000
1, 1, 2, 384000
1, 1, 3, 384000
1, 1, 4, 1536000
1, 1, 5, 1536000
1, 1, 6, 1536000
1, 1, 7, 1536000
1, 0, 0, 52000
1, 0, 1, 52000
1, 0, 2, 52000
1, 0, 3, 52000
1, 0, 4, 6656000
1, 0, 5, 6656000
1, 0, 6, 6656000
1, 0, 7, 6656000
1, 1, 0, 416000
1, 1, 1, 416000
1, 1, 2, 416000
1, 1, 3, 416000
1, 1, 4, 1664000
1, 1, 5, 1664000
1, 1, 6, 1664000
1, 1, 7, 1664000
1, 0, 0, 56000
1, 0, 1, 56000
1, 0, 2, 56000
1, 0, 3, 56000
1, 0, 4, 7168000
1, 0, 5, 7168000
1, 0, 6, 7168000
1, 0, 7, 7168000
1, 1, 0, 448000
1, 1, 1, 448000
1, 1, 2, 448000
1, 1, 3, 448000
1, 1, 4, 1792000
1, 1, 5, 1792000
1, 1, 6, 1792000
1, 1, 7, 1792000
1, 0, 0, 60000
1, 0, 1, 60000
1, 0, 2, 60000
1, 0, 3, 60000
1, 0, 4, 7680000
1, 0, 5, 7680000
1, 0, 6, 7680000
1, 0, 7, 7680000
1, 1, 0, 480000
1, 1, 1, 480000
1, 1, 2, 480000
1, 1, 3, 480000
1, 1, 4, 1920000
1, 1, 5, 1920000
1, 1, 6, 1920000
1, 1, 7, 1920000
1, 0, 0, 64000
1, 0, 1, 64000
1, 0, 2, 64000
1, 0, 3, 64000
1, 0, 4, 8192000
1, 0, 5, 8192000
1, 0, 6, 8192000
1, 0, 7, 8192000
1, 1, 0, 512000
1, 1, 1, 512000
1, 1, 2, 512000
1, 1, 3, 512000
1, 1, 4, 2048000
1, 1, 5, 2048000
1, 1, 6, 2048000
1, 1, 7, 2048000
1, 0, 0, 68000
1, 0, 1, 68000
1, 0, 2, 68000
1, 0, 3, 68000
1, 0, 4, 8704000
1, 0, 5, 8704000
1, 0, 6, 8704000
1, 0, 7, 8704000
1, 1, 0, 544000
1, 1, 1, 544000
1, 1, 2, 544000
1, 1, 3, 544000
1, 1, 4, 2176000
1, 1, 5, 2176000
1, 1, 6, 2176000
1, 1, 7, 2176000
1, 0, 0, 72000
1, 0, 1, 72000
1, 0, 2, 72000
1, 0, 3, 72000
1, 0, 4, 9216000
1, 0, 5, 9216000
1, 0, 6, 9216000
1, 0, 7, 9216000
1, 1, 0, 576000
1, 1, 1, 576000
1, 1, 2, 576000
1, 1, 3, 576000
1, 1, 4, 2304000
1, 1, 5, 2304000
1, 1, 6, 2304000
1, 1, 7, 2304000
1, 0, 0, 76000
1, 0, 1, 76000
1, 0, 2, 76000
1, 0, 3, 76000
1, 0, 4, 9728000
1, 0, 5, 9728000
1, 0, 6, 9728000
1, 0, 7, 9728000
1, 1, 0, 608000
1, 1, 1, 608000
1, 1, 2, 608000
1, 1, 3, 608000
1, 1, 4, 2432000
1, 1, 5, 2432000
1, 1, 6, 2432000
1, 1, 7, 2432000
1, 0, 0, 80000
1, 0, 1, 80000
1, 0, 2, 80000
1, 0, 3, 80000
1, 0, 4, 10240000
1, 0, 5, 10240000
1, 0, 6, 10240000
1, 0, 7, 10240000
1, 1, 0, 640000
1, 1, 1, 640000
1, 1, 2, 640000
1, 1, 3, 640000
1, 1, 4, 2560000
1, 1, 5, 2560000
1, 1, 6, 2560000
1, 1, 7, 2560000
1, 0, 0, 84000
1, 0, 1, 84000
1, 0, 2, 84000
1, 0, 3, 84000
1, 0, 4, 10752000
1, 0, 5, 10752000
1, 0, 6, 10752000
1, 0, 7, 10752000
1, 1, 0, 672000
1, 1, 1, 672000
1, 1, 2, 672000
1, 1, 3, 672000
1, 1, 4, 2688000
1, 1, 5, 2688000
1, 1, 6, 2688000
1, 1, 7, 2688000
1, 0, 0, 88000
1, 0, 1, 88000
1, 0, 2, 88000
1, 0, 3, 88000
1, 0, 4, 11264000
1, 0, 5, 11264000
1, 0, 6, 11264000
1, 0, 7, 11264000
1, 1, 0, 704000
1, 1, 1, 704000
1, 1, 2, 704000
1, 1, 3, 704000
1, 1, 4, 2816000
1, 1, 5, 2816000
1, 1, 6, 2816000
1, 1, 7, 2816000
1, 0, 0, 92000
1, 0, 1, 92000
1, 0, 2, 92000
1, 0, 3, 92000
1, 0, 4, 11776000
1, 0, 5, 11776000
1, 0, 6, 11776000
1, 0, 7, 11776000
1, 1, 0, 736000
1, 1, 1, 736000
1, 1, 2, 736000
1, 1, 3, 736000
1, 1, 4, 2944000
1, 1, 5, 2944000
1, 1, 6, 2944000
1, 1, 7, 2944000
1, 0, 0, 96000
1, 0, 1, 96000
1, 0, 2, 96000
1, 0, 3, 96000
1, 0, 4, 12288000
1, 0, 5, 12288000
1, 0, 6, 12288000
1, 0, 7, 12288000
1, 1, 0, 768000
1, 1, 1, 768000
1, 1, 2, 768000
1, 1, 3, 768000
1, 1, 4, 3072000
1, 1, 5, 3072000
1, 1, 6, 3072000
1, 1, 7, 3072000
1, 0, 0, 100000
1, 0, 1, 100000
1, 0, 2, 100000
1, 0, 3, 100000
1, 0, 4, 12800000
1, 0, 5, 12800000
1, 0, 6, 12800000
1, 0, 7, 12800000
1, 1, 0, 800000
1, 1, 1, 800000
1, 1, 2, 800000
1, 1, 3, 800000
1, 1, 4, 3200000
1, 1, 5, 3200000
1, 1, 6, 3200000
1, 1, 7, 3200000
1, 0, 0, 104000
1, 0, 1, 104000
1, 0, 2, 104000
1, 0, 3, 104000
1, 0, 4, 13312000
1, 0, 5, 13312000
1, 0, 6, 13312000
1, 0, 7, 13312000
1, 1, 0, 832000
1, 1, 1, 832000
1, 1, 2, 832000
1, 1, 3, 832000
1, 1, 4, 3328000
1, 1, 5, 3328000
1, 1, 6, 3328000
1, 1, 7, 3328000
1, 0, 0, 108000
1, 0, 1, 108000
1, 0, 2, 108000
1, 0, 3, 108000
1, 0, 4, 13824000
1, 0, 5, 13824000
1, 0, 6, 13824000
1, 0, 7, 13824000
1, 1, 0, 864000
1, 1, 1, 864000
1, 1, 2, 864000
1, 1, 3, 864000
1, 1, 4, 3456000
1, 1, 5, 3456000
1, 1, 6, 3456000
1, 1, 7, 3456000
1, 0, 0, 112000
1, 0, 1, 112000
1, 0, 2, 112000
1, 0, 3, 112000
1, 0, 4, 14336000
1, 0, 5, 14336000
1, 0, 6, 14336000
1, 0, 7, 14336000
1, 1, 0, 896000
1, 1, 1, 896000
1, 1, 2, 896000
1, 1, 3, 896000
1, 1, 4, 3584000
1, 1, 5, 3584000
1, 1, 6, 3584000
1, 1, 7, 3584000
1, 0, 0, 116000
1, 0, 1, 116000
1, 0, 2, 116000
1, 0, 3, 116000
1, 0, 4, 14848000
1, 0, 5, 14848000
1, 0, 6, 14848000
1, 0, 7, 14848000
1, 1, 0, 928000
1, 1, 1, 928000
1, 1, 2, 928000
1, 1, 3, 928000
1, 1, 4, 3712000
1, 1, 5, 3712000
1, 1, 6, 3712000
1, 1, 7, 3712000
1, 0, 0, 120000
1, 0, 1, 120000
1, 0, 2, 120000
1, 0, 3, 120000
1, 0, 4, 15360000
1, 0, 5, 15360000
1, 0, 6, 15360000
1, 0, 7, 15360000
1, 1, 0, 960000
1, 1, 1, 960000
1, 1, 2, 960000
1, 1, 3, 960000
1, 1, 4, 3840000
1, 1, 5, 3840000
1, 1, 6, 3840000
1, 1, 7, 3840000
1, 0, 0, 124000
1, 0, 1, 124000
1, 0, 2, 124000
1, 0, 3, 124000
1, 0, 4, 15872000
1, 0, 5, 15872000
1, 0, 6, 15872000
1, 0, 7, 15872000
1, 1, 0, 992000
1, 1, 1, 992000
1, 1, 2, 992000
1, 1, 3, 992000
1, 1, 4, 3968000
1, 1, 5, 3968000
1, 1, 6, 3968000
1, 1, 7, 3968000
1, 0, 0, 128000
1, 0, 1, 128000
1, 0, 2, 128000
1, 0, 3, 128000
1, 0, 4, 16384000
1, 0, 5, 16384000
1, 0, 6, 16384000
1, 0, 7, 16384000
1, 1, 0, 1024000
1, 1, 1, 1024000
1, 1, 2, 1024000
1, 1, 3, 1024000
1, 1, 4, 4096000
1, 1, 5, 4096000
1, 1, 6, 4096000
1, 1, 7, 4096000
1, 0, 0, 132000
1, 0, 1, 132000
1, 0, 2, 132000
1, 0, 3, 132000
1, 0, 4, 16896000
1, 0, 5, 16896000
1, 0, 6, 16896000
1, 0, 7, 16896000
1, 1, 0, 1056000
1, 1, 1, 1056000
1, 1, 2, 1056000
1, 1, 3, 1056000
1, 1, 4, 4224000
1, 1, 5, 4224000
1, 1, 6, 4224000
1, 1, 7, 4224000
1, 0, 0, 136000
1, 0, 1, 136000
1, 0, 2, 136000
1, 0, 3, 136000
1, 0, 4, 17408000
1, 0, 5, 17408000
1, 0, 6, 17408000
1, 0, 7, 17408000
1, 1, 0, 1088000
1, 1, 1, 1088000
1, 1, 2, 1088000
1, 1, 3, 1088000
1, 1, 4, 4352000
1, 1, 5, 4352000
1, 1, 6, 4352000
1, 1, 7, 4352000
1, 0, 0, 140000
1, 0, 1, 140000
1, 0, 2, 140000
1, 0, 3, 140000
1, 0, 4, 17920000
1, 0, 5, 17920000
1, 0, 6, 17920000
1, 0, 7, 17920000
1, 1, 0, 1120000
1, 1, 1, 1120000
1, 1, 2, 1120000
1, 1, 3, 1120000
1, 1, 4, 4480000
1, 1, 5, 4480000
1, 1, 6, 4480000
1, 1, 7, 4480000
1, 0, 0, 144000
1, 0, 1, 144000
1, 0, 2, 144000
1, 0, 3, 144000
1, 0, 4, 18432000
1, 0, 5, 18432000
1, 0, 6, 18432000
1, 0, 7, 18432000
1, 1, 0, 1152000
1, 1, 1, 1152000
1, 1, 2, 1152000
1, 1, 3, 1152000
1, 1, 4, 4608000
1, 1, 5, 4608000
1, 1, 6, 4608000
1, 1, 7, 4608000
1, 0, 0, 148000
1, 0, 1, 148000
1, 0, 2, 148000
1, 0, 3, 148000
1, 0, 4, 18944000
1, 0, 5, 18944000
1, 0, 6, 18944000
1, 0, 7, 18944000
1, 1, 0, 1184000
1, 1, 1, 1184000
1, 1, 2, 1184000
1, 1, 3, 1184000
1, 1, 4, 4736000
1, 1, 5, 4736000
1, 1, 6, 4736000
1, 1, 7, 4736000
1, 0, 0, 152000
1, 0, 1, 152000
1, 0, 2, 152000
1, 0, 3, 152000
1, 0, 4, 19456000
1, 0, 5, 19456000
1, 0, 6, 19456000
1, 0, 7, 19456000
1, 1, 0, 1216000
1, 1, 1, 1216000
1, 1, 2, 1216000
1, 1, 3, 1216000
1, 1, 4, 4864000
1, 1, 5, 4864000
1, 1, 6, 4864000
1, 1, 7, 4864000
1, 0, 0, 156000
1, 0, 1, 156000
1, 0, 2, 156000
1, 0, 3, 156000
1, 0, 4, 19968000
1, 0, 5, 19968000
1, 0, 6, 19968000
1, 0, 7, 19968000
1, 1, 0, 1248000
1, 1, 1, 1248000
1, 1, 2, 1248000
1, 1, 3, 1248000
1, 1, 4, 4992000
1, 1, 5, 4992000
1, 1, 6, 4992000
1, 1, 7, 4992000
1, 0, 0, 160000
1, 0, 1, 160000
1, 0, 2, 160000
1, 0, 3, 160000
1, 0, 4, 20480000
1, 0, 5, 20480000
1, 0, 6, 20480000
1, 0, 7, 20480000
1, 1, 0, 1280000
1, 1, 1, 1280000
1, 1, 2, 1280000
1, 1, 3, 1280000
1, 1, 4, 5120000
1, 1, 5, 5120000
1, 1, 6, 5120000
1, 1, 7, 5120000
1, 0, 0, 164000
1, 0, 1, 164000
1, 0, 2, 164000
1, 0, 3, 164000
1, 0, 4, 20992000
1, 0, 5, 20992000
1, 0, 6, 20992000
1, 0, 7, 20992000
1, 1, 0, 1312000
1, 1, 1, 1312000
1, 1, 2, 1312000
1, 1, 3, 1312000
1, 1, 4, 5248000
1, 1, 5, 5248000
1, 1, 6, 5248000
1, 1, 7, 5248000
1, 0, 0, 168000
1, 0, 1, 168000
1, 0, 2, 168000
1, 0, 3, 168000
1, 0, 4, 21504000
1, 0, 5, 21504000
1, 0, 6, 21504000
1, 0, 7, 21504000
1, 1, 0, 1344000
1, 1, 1, 1344000
1, 1, 2, 1344000
1, 1, 3, 1344000
1, 1, 4, 5376000
1, 1, 5, 5376000
1, 1, 6, 5376000
1, 1, 7, 5376000
1, 0, 0, 172000
1, 0, 1, 172000
1, 0, 2, 172000
1, 0, 3, 172000
1, 0, 4, 22016000
1, 0, 5, 22016000
1, 0, 6, 22016000
1, 0, 7, 22016000
1, 1, 0, 1376000
1, 1, 1, 1376000
1, 1, 2, 1376000
1, 1, 3, 1376000
1, 1, 4, 5504000
1, 1, 5, 5504000
1, 1, 6, 5504000
1, 1, 7, 5504000
1, 0, 0, 176000
1, 0, 1, 176000
1, 0, 2, 176000
1, 0, 3, 176000
1, 0, 4, 22528000
1, 0, 5, 22528000
1, 0, 6, 22528000
1, 0, 7, 22528000
1, 1, 0, 1408000
1, 1, 1, 1408000
1, 1, 2, 1408000
1, 1, 3, 1408000
1, 1, 4, 5632000
1, 1, 5, 5632000
1, 1, 6, 5632000
1, 1, 7, 5632000
1, 0, 0, 180000
1, 0, 1, 180000
1, 0, 2, 180000
1, 0, 3, 180000
1, 0, 4, 23040000
1, 0, 5, 23040000
1, 0, 6, 23040000
1, 0, 7, 23040000
1, 1, 0, 1440000
1, 1, 1, 1440000
1, 1, 2, 1440000
1, 1, 3, 1440000
1, 1, 4, 5760000
1, 1, 5, 5760000
1, 1, 6, 5760000
1, 1, 7, 5760000
1, 0, 0, 184000
1, 0, 1, 184000
1, 0, 2, 184000
1, 0, 3, 184000
1, 0, 4, 23552000
1, 0, 5, 23552000
1, 0, 6, 23552000
1, 0, 7, 23552000
1, 1, 0, 1472000
1, 1, 1, 1472000
1, 1, 2, 1472000
1, 1, 3, 1472000
1, 1, 4, 5888000
1, 1, 5, 5888000
1, 1, 6, 5888000
1, 1, 7, 5888000
1, 0, 0, 188000
1, 0, 1, 188000
1, 0, 2, 188000
1, 0, 3, 188000
1, 0, 4, 24064000
1, 0, 5, 24064000
1, 0, 6, 24064000
1, 0, 7, 24064000
1, 1, 0, 1504000
1, 1, 1, 1504000
1, 1, 2, 1504000
1, 1, 3, 1504000
1, 1, 4, 6016000
1, 1, 5, 6016000
1, 1, 6, 6016000
1, 1, 7, 6016000
1, 0, 0, 192000
1, 0, 1, 192000
1, 0, 2, 192000
1, 0, 3, 192000
1, 0, 4, 24576000
1, 0, 5, 24576000
1, 0, 6, 24576000
1, 0, 7, 24576000
1, 1, 0, 1536000
1, 1, 1, 1536000
1, 1, 2, 1536000
1, 1, 3, 1536000
1, 1, 4, 6144000
1, 1, 5, 6144000
1, 1, 6, 6144000
1, 1, 7, 6144000
1, 0, 0, 196000
1, 0, 1, 196000
1, 0, 2, 196000
1, 0, 3, 196000
1, 0, 4, 25088000
1, 0, 5, 25088000
1, 0, 6, 25088000
1, 0, 7, 25088000
1, 1, 0, 1568000
1, 1, 1, 1568000
1, 1, 2, 1568000
1, 1, 3, 1568000
1, 1, 4, 6272000
1, 1, 5, 6272000
1, 1, 6, 6272000
1, 1, 7, 6272000
1, 0, 0, 200000
1, 0, 1, 200000
1, 0, 2, 200000
1, 0, 3, 200000
1, 0, 4, 25600000
1, 0, 5, 25600000
1, 0, 6, 25600000
1, 0, 7, 25600000
1, 1, 0, 1600000
1, 1, 1, 1600000
1, 1, 2, 1600000
1, 1, 3, 1600000
1, 1, 4, 6400000
1, 1, 5, 6400000
1, 1, 6, 6400000
1, 1, 7, 6400000
1, 0, 0, 204000
1, 0, 1, 204000
1, 0, 2, 204000
1, 0, 3, 204000
1, 0, 4, 26112000
1, 0, 5, 26112000
1, 0, 6, 26112000
1, 0, 7, 26112000
1, 1, 0, 1632000
1, 1, 1, 1632000
1, 1, 2, 1632000
1, 1, 3, 1632000
1, 1, 4, 6528000
1, 1, 5, 6528000
1, 1, 6, 6528000
1, 1, 7, 6528000
1, 0, 0, 208000
1, 0, 1, 208000
1, 0, 2, 208000
1, 0, 3, 208000
1, 0, 4, 26624000
1, 0, 5, 26624000
1, 0, 6, 26624000
1, 0, 7, 26624000
1, 1, 0, 1664000
1, 1, 1, 1664000
1, 1, 2, 1664000
1, 1, 3, 1664000
1, 1, 4, 6656000
1, 1, 5, 6656000
1, 1, 6, 6656000
1, 1, 7, 6656000
1, 0, 0, 212000
1, 0, 1, 212000
1, 0, 2, 212000
1, 0, 3, 212000
1, 0, 4, 27136000
1, 0, 5, 27136000
1, 0, 6, 27136000
1, 0, 7, 27136000
1, 1, 0, 1696000
1, 1, 1, 1696000
1, 1, 2, 1696000
1, 1, 3, 1696000
1, 1, 4, 6784000
1, 1, 5, 6784000
1, 1, 6, 6784000
1, 1, 7, 6784000
1, 0, 0, 216000
1, 0, 1, 216000
1, 0, 2, 216000
1, 0, 3, 216000
1, 0, 4, 27648000
1, 0, 5, 27648000
1, 0, 6, 27648000
1, 0, 7, 27648000
1, 1, 0, 1728000
1, 1, 1, 1728000
1, 1, 2, 1728000
1, 1, 3, 1728000
1, 1, 4, 6912000
1, 1, 5, 6912000
1, 1, 6, 6912000
1, 1, 7, 6912000
1, 0, 0, 220000
1, 0, 1, 220000
1, 0, 2, 220000
1, 0, 3, 220000
1, 0, 4, 28160000
1, 0, 5, 28160000
1, 0, 6, 28160000
1, 0, 7, 28160000
1, 1, 0, 1760000
1, 1, 1, 1760000
1, 1, 2, 1760000
1, 1, 3, 1760000
1, 1, 4, 7040000
1, 1, 5, 7040000
1, 1, 6, 7040000
1, 1, 7, 7040000
1, 0, 0, 224000
1, 0, 1, 224000
1, 0, 2, 224000
1, 0, 3, 224000
1, 0, 4, 28672000
1, 0, 5, 28672000
1, 0, 6, 28672000
1, 0, 7, 28672000
1, 1, 0, 1792000
1, 1, 1, 1792000
1, 1, 2, 1792000
1, 1, 3, 1792000
1, 1, 4, 7168000
1, 1, 5, 7168000
1, 1, 6, 7168000
1, 1, 7, 7168000
1, 0, 0, 228000
1, 0, 1, 228000
1, 0, 2, 228000
1, 0, 3, 228000
1, 0, 4, 29184000
1, 0, 5, 29184000
1, 0, 6, 29184000
1, 0, 7, 29184000
1, 1, 0, 1824000
1, 1, 1, 1824000
1, 1, 2, 1824000
1, 1, 3, 1824000
1, 1, 4, 7296000
1, 1, 5, 7296000
1, 1, 6, 7296000
1, 1, 7, 7296000
1, 0, 0, 232000
1, 0, 1, 232000
1, 0, 2, 232000
1, 0, 3, 232000
1, 0, 4, 29696000
1, 0, 5, 29696000
1, 0, 6, 29696000
1, 0, 7, 29696000
1, 1, 0, 1856000
1, 1, 1, 1856000
1, 1, 2, 1856000
1, 1, 3, 1856000
1, 1, 4, 7424000
1, 1, 5, 7424000
1, 1, 6, 7424000
1, 1, 7, 7424000
1, 0, 0, 236000
1, 0, 1, 236000
1, 0, 2, 236000
1, 0, 3, 236000
1, 0, 4, 30208000
1, 0, 5, 30208000
1, 0, 6, 30208000
1, 0, 7, 30208000
1, 1, 0, 1888000
1, 1, 1, 1888000
1, 1, 2, 1888000
1, 1, 3, 1888000
1, 1, 4, 7552000
1, 1, 5, 7552000
1, 1, 6, 7552000
1, 1, 7, 7552000
1, 0, 0, 240000
1, 0, 1, 240000
1, 0, 2, 240000
1, 0, 3, 240000
1, 0, 4, 30720000
1, 0, 5, 30720000
1, 0, 6, 30720000
1, 0, 7, 30720000
1, 1, 0, 1920000
1, 1, 1, 1920000
1, 1, 2, 1920000
1, 1, 3, 1920000
1, 1, 4, 7680000
1, 1, 5, 7680000
1, 1, 6, 7680000
1, 1, 7, 7680000
1, 0, 0, 244000
1, 0, 1, 244000
1, 0, 2, 244000
1, 0, 3, 244000
1, 0, 4, 31232000
1, 0, 5, 31232000
1, 0, 6, 31232000
1, 0, 7, 31232000
1, 1, 0, 1952000
1, 1, 1, 1952000
1, 1, 2, 1952000
1, 1, 3, 1952000
1, 1, 4, 7808000
1, 1, 5, 7808000
1, 1, 6, 7808000
1, 1, 7, 7808000
1, 0, 0, 248000
1, 0, 1, 248000
1, 0, 2, 248000
1, 0, 3, 248000
1, 0, 4, 31744000
1, 0, 5, 31744000
1, 0, 6, 31744000
1, 0, 7, 31744000
1, 1, 0, 1984000
1, 1, 1, 1984000
1, 1, 2, 1984000
1, 1, 3, 1984000
1, 1, 4, 7936000
1, 1, 5, 7936000
1, 1, 6, 7936000
1, 1, 7, 7936000
1, 0, 0, 252000
1, 0, 1, 252000
1, 0, 2, 252000
1, 0, 3, 252000
1, 0, 4, 32256000
1, 0, 5, 32256000
1, 0, 6, 32256000
1, 0, 7, 32256000
1, 1, 0, 2016000
1, 1, 1, 2016000
1, 1, 2, 2016000
1, 1, 3, 2016000
1, 1, 4, 8064000
1, 1, 5, 8064000
1, 1, 6, 8064000
1, 1, 7, 8064000
1, 0, 0, 256000
1, 0, 1, 256000
1, 0, 2, 256000
1, 0, 3, 256000
1, 0, 4, 32768000
1, 0, 5, 32768000
1, 0, 6, 32768000
1, 0, 7, 32768000
1, 1, 0, 2048000
1, 1, 1, 2048000
1, 1, 2, 2048000
1, 1, 3, 2048000
1, 1, 4, 8192000
1, 1, 5, 8192000
1, 1, 6, 8192000
1, 1, 7, 8192000
1, 0, 0, 260000
1, 0, 1, 260000
1, 0, 2, 260000
1, 0, 3, 260000
1, 0, 4, 33280000
1, 0, 5, 33280000
1, 0, 6, 33280000
1, 0, 7, 33280000
1, 1, 0, 2080000
1, 1, 1, 2080000
1, 1, 2, 2080000
1, 1, 3, 2080000
1, 1, 4, 8320000
1, 1, 5, 8320000
1, 1, 6, 8320000
1, 1, 7, 8320000
1, 0, 0, 264000
1, 0, 1, 264000
1, 0, 2, 264000
1, 0, 3, 264000
1, 0, 4, 33792000
1, 0, 5, 33792000
1, 0, 6, 33792000
1, 0, 7, 33792000
1, 1, 0, 2112000
1, 1, 1, 2112000
1, 1, 2, 2112000
1, 1, 3, 2112000
1, 1, 4, 8448000
1, 1, 5, 8448000
1, 1, 6, 8448000
1, 1, 7, 8448000
1, 0, 0, 268000
1, 0, 1, 268000
1, 0, 2, 268000
1, 0, 3, 268000
1, 0, 4, 34304000
1, 0, 5, 34304000
1, 0, 6, 34304000
1, 0, 7, 34304000
1, 1, 0, 2144000
1, 1, 1, 2144000
1, 1, 2, 2144000
1, 1, 3, 2144000
1, 1, 4, 8576000
1, 1, 5, 8576000
1, 1, 6, 8576000
1, 1, 7, 8576000
1, 0, 0, 272000
1, 0, 1, 272000
1, 0, 2, 272000
1, 0, 3, 272000
1, 0, 4, 34816000
1, 0, 5, 34816000
1, 0, 6, 34816000
1, 0, 7, 34816000
1, 1, 0, 2176000
1, 1, 1, 2176000
1, 1, 2, 2176000
1, 1, 3, 2176000
1, 1, 4, 8704000
1, 1, 5, 8704000
1, 1, 6, 8704000
1, 1, 7, 8704000
1, 0, 0, 276000
1, 0, 1, 276000
1, 0, 2, 276000
1, 0, 3, 276000
1, 0, 4, 35328000
1, 0, 5, 35328000
1, 0, 6, 35328000
1, 0, 7, 35328000
1, 1, 0, 2208000
1, 1, 1, 2208000
1, 1, 2, 2208000
1, 1, 3, 2208000
1, 1, 4, 8832000
1, 1, 5, 8832000
1, 1, 6, 8832000
1, 1, 7, 8832000
1, 0, 0, 280000
1, 0, 1, 280000
1, 0, 2, 280000
1, 0, 3, 280000
1, 0, 4, 35840000
1, 0, 5, 35840000
1, 0, 6, 35840000
1, 0, 7, 35840000
1, 1, 0, 2240000
1, 1, 1, 2240000
1, 1, 2, 2240000
1, 1, 3, 2240000
1, 1, 4, 8960000
1, 1, 5, 8960000
1, 1, 6, 8960000
1, 1, 7, 8960000
1, 0, 0, 284000
1, 0, 1, 284000
1, 0, 2, 284000
1, 0, 3, 284000
1, 0, 4, 36352000
1, 0, 5, 36352000
1, 0, 6, 36352000
1, 0, 7, 36352000
1, 1, 0, 2272000
1, 1, 1, 2272000
1, 1, 2, 2272000
1, 1, 3, 2272000
1, 1, 4, 9088000
1, 1, 5, 9088000
1, 1, 6, 9088000
1, 1, 7, 9088000
1, 0, 0, 288000
1, 0, 1, 288000
1, 0, 2, 288000
1, 0, 3, 288000
1, 0, 4, 36864000
1, 0, 5, 36864000
1, 0, 6, 36864000
1, 0, 7, 36864000
1, 1, 0, 2304000
1, 1, 1, 2304000
1, 1, 2, 2304000
1, 1, 3, 2304000
1, 1, 4, 9216000
1, 1, 5, 9216000
1, 1, 6, 9216000
1, 1, 7, 9216000
1, 0, 0, 292000
1, 0, 1, 292000
1, 0, 2, 292000
1, 0, 3, 292000
1, 0, 4, 37376000
1, 0, 5, 37376000
1, 0, 6, 37376000
1, 0, 7, 37376000
1, 1, 0, 2336000
1, 1, 1, 2336000
1, 1, 2, 2336000
1, 1, 3, 2336000
1, 1, 4, 9344000
1, 1, 5, 9344000
1, 1, 6, 9344000
1, 1, 7, 9344000
1, 0, 0, 296000
1, 0, 1, 296000
1, 0, 2, 296000
1, 0, 3, 296000
1, 0, 4, 37888000
1, 0, 5, 37888000
1, 0, 6, 37888000
1, 0, 7, 37888000
1, 1, 0, 2368000
1, 1, 1, 2368000
1, 1, 2, 2368000
1, 1, 3, 2368000
1, 1, 4, 9472000
1, 1, 5, 9472000
1, 1, 6, 9472000
1, 1, 7, 9472000
1, 0, 0, 300000
1, 0, 1, 300000
1, 0, 2, 300000
1, 0, 3, 300000
1, 0, 4, 38400000
1, 0, 5, 38400000
1, 0, 6, 38400000
1, 0, 7, 38400000
1, 1, 0, 2400000
1, 1, 1, 2400000
1, 1, 2, 2400000
1, 1, 3, 2400000
1, 1, 4, 9600000
1, 1, 5, 9600000
1, 1, 6, 9600000
1, 1, 7, 9600000
1, 0, 0, 304000
1, 0, 1, 304000
1, 0, 2, 304000
1, 0, 3, 304000
1, 0, 4, 38912000
1, 0, 5, 38912000
1, 0, 6, 38912000
1, 0, 7, 38912000
1, 1, 0, 2432000
1, 1, 1, 2432000
1, 1, 2, 2432000
1, 1, 3, 2432000
1, 1, 4, 9728000
1, 1, 5, 9728000
1, 1, 6, 9728000
1, 1, 7, 9728000
1, 0, 0, 308000
1, 0, 1, 308000
1, 0, 2, 308000
1, 0, 3, 308000
1, 0, 4, 39424000
1, 0, 5, 39424000
1, 0, 6, 39424000
1, 0, 7, 39424000
1, 1, 0, 2464000
1, 1, 1, 2464000
1, 1, 2, 2464000
1, 1, 3, 2464000
1, 1, 4, 9856000
1, 1, 5, 9856000
1, 1, 6, 9856000
1, 1, 7, 9856000
1, 0, 0, 312000
1, 0, 1, 312000
1, 0, 2, 312000
1, 0, 3, 312000
1, 0, 4, 39936000
1, 0, 5, 39936000
1, 0, 6, 39936000
1, 0, 7, 39936000
1, 1, 0, 2496000
1, 1, 1, 2496000
1, 1, 2, 2496000
1, 1, 3, 2496000
1, 1, 4, 9984000
1, 1, 5, 9984000
1, 1, 6, 9984000
1, 1, 7, 9984000
1, 0, 0, 316000
1, 0, 1, 316000
1, 0, 2, 316000
1, 0, 3, 316000
1, 0, 4, 40448000
1, 0, 5, 40448000
1, 0, 6, 40448000
1, 0, 7, 40448000
1, 1, 0, 2528000
1, 1, 1, 2528000
1, 1, 2, 2528000
1, 1, 3, 2528000
1, 1, 4, 10112000
1, 1, 5, 10112000
1, 1, 6, 10112000
1, 1, 7, 10112000
1, 0, 0, 320000
1, 0, 1, 320000
1, 0, 2, 320000
1, 0, 3, 320000
1, 0, 4, 40960000
1, 0, 5, 40960000
1, 0, 6, 40960000
1, 0, 7, 40960000
1, 1, 0, 2560000
1, 1, 1, 2560000
1, 1, 2, 2560000
1, 1, 3, 2560000
1, 1, 4, 10240000
1, 1, 5, 10240000
1, 1, 6, 10240000
1, 1, 7, 10240000
1, 0, 0, 324000
1, 0, 1, 324000
1, 0, 2, 324000
1, 0, 3, 324000
1, 0, 4, 41472000
1, 0, 5, 41472000
1, 0, 6, 41472000
1, 0, 7, 41472000
1, 1, 0, 2592000
1, 1, 1, 2592000
1, 1, 2, 2592000
1, 1, 3, 2592000
1, 1, 4, 10368000
1, 1, 5, 10368000
1, 1, 6, 10368000
1, 1, 7, 10368000
1, 0, 0, 328000
1, 0, 1, 328000
1, 0, 2, 328000
1, 0, 3, 328000
1, 0, 4, 41984000
1, 0, 5, 41984000
1, 0, 6, 41984000
1, 0, 7, 41984000
1, 1, 0, 2624000
1, 1, 1, 2624000
1, 1, 2, 2624000
1, 1, 3, 2624000
1, 1, 4, 10496000
1, 1, 5, 10496000
1, 1, 6, 10496000
1, 1, 7, 10496000
1, 0, 0, 332000
1, 0, 1, 332000
1, 0, 2, 332000
1, 0, 3, 332000
1, 0, 4, 42496000
1, 0, 5, 42496000
1, 0, 6, 42496000
1, 0, 7, 42496000
1, 1, 0, 2656000
1, 1, 1, 2656000
1, 1, 2, 2656000
1, 1, 3, 2656000
1, 1, 4, 10624000
1, 1, 5, 10624000
1, 1, 6, 10624000
1, 1, 7, 10624000
1, 0, 0, 336000
1, 0, 1, 336000
1, 0, 2, 336000
1, 0, 3, 336000
1, 0, 4, 43008000
1, 0, 5, 43008000
1, 0, 6, 43008000
1, 0, 7, 43008000
1, 1, 0, 2688000
1, 1, 1, 2688000
1, 1, 2, 2688000
1, 1, 3, 2688000
1, 1, 4, 10752000
1, 1, 5, 10752000
1, 1, 6, 10752000
1, 1, 7, 10752000
1, 0, 0, 340000
1, 0, 1, 340000
1, 0, 2, 340000
1, 0, 3, 340000
1, 0, 4, 43520000
1, 0, 5, 43520000
1, 0, 6, 43520000
1, 0, 7, 43520000
1, 1, 0, 2720000
1, 1, 1, 2720000
1, 1, 2, 2720000
1, 1, 3, 2720000
1, 1, 4, 10880000
1, 1, 5, 10880000
1, 1, 6, 10880000
1, 1, 7, 10880000
1, 0, 0, 344000
1, 0, 1, 344000
1, 0, 2, 344000
1, 0, 3, 344000
1, 0, 4, 44032000
1, 0, 5, 44032000
1, 0, 6, 44032000
1, 0, 7, 44032000
1, 1, 0, 2752000
1, 1, 1, 2752000
1, 1, 2, 2752000
1, 1, 3, 2752000
1, 1, 4, 11008000
1, 1, 5, 11008000
1, 1, 6, 11008000
1, 1, 7, 11008000
1, 0, 0, 348000
1, 0, 1, 348000
1, 0, 2, 348000
1, 0, 3, 348000
1, 0, 4, 44544000
1, 0, 5, 44544000
1, 0, 6, 44544000
1, 0, 7, 44544000
1, 1, 0, 2784000
1, 1, 1, 2784000
1, 1, 2, 2784000
1, 1, 3, 2784000
1, 1, 4, 11136000
1, 1, 5, 11136000
1, 1, 6, 11136000
1, 1, 7, 11136000
1, 0, 0, 352000
1, 0, 1, 352000
1, 0, 2, 352000
1, 0, 3, 352000
1, 0, 4, 45056000
1, 0, 5, 45056000
1, 0, 6, 45056000
1, 0, 7, 45056000
1, 1, 0, 2816000
1, 1, 1, 2816000
1, 1, 2, 2816000
1, 1, 3, 2816000
1, 1, 4, 11264000
1, 1, 5, 11264000
1, 1, 6, 11264000
1, 1, 7, 11264000
1, 0, 0, 356000
1, 0, 1, 356000
1, 0, 2, 356000
1, 0, 3, 356000
1, 0, 4, 45568000
1, 0, 5, 45568000
1, 0, 6, 45568000
1, 0, 7, 45568000
1, 1, 0, 2848000
1, 1, 1, 2848000
1, 1, 2, 2848000
1, 1, 3, 2848000
1, 1, 4, 11392000
1, 1, 5, 11392000
1, 1, 6, 11392000
1, 1, 7, 11392000
1, 0, 0, 360000
1, 0, 1, 360000
1, 0, 2, 360000
1, 0, 3, 360000
1, 0, 4, 46080000
1, 0, 5, 46080000
1, 0, 6, 46080000
1, 0, 7, 46080000
1, 1, 0, 2880000
1, 1, 1, 2880000
1, 1, 2, 2880000
1, 1, 3, 2880000
1, 1, 4, 11520000
1, 1, 5, 11520000
1, 1, 6, 11520000
1, 1, 7, 11520000
1, 0, 0, 364000
1, 0, 1, 364000
1, 0, 2, 364000
1, 0, 3, 364000
1, 0, 4, 46592000
1, 0, 5, 46592000
1, 0, 6, 46592000
1, 0, 7, 46592000
1, 1, 0, 2912000
1, 1, 1, 2912000
1, 1, 2, 2912000
1, 1, 3, 2912000
1, 1, 4, 11648000
1, 1, 5, 11648000
1, 1, 6, 11648000
1, 1, 7, 11648000
1, 0, 0, 368000
1, 0, 1, 368000
1, 0, 2, 368000
1, 0, 3, 368000
1, 0, 4, 47104000
1, 0, 5, 47104000
1, 0, 6, 47104000
1, 0, 7, 47104000
1, 1, 0, 2944000
1, 1, 1, 2944000
1, 1, 2, 2944000
1, 1, 3, 2944000
1, 1, 4, 11776000
1, 1, 5, 11776000
1, 1, 6, 11776000
1, 1, 7, 11776000
1, 0, 0, 372000
1, 0, 1, 372000
1, 0, 2, 372000
1, 0, 3, 372000
1, 0, 4, 47616000
1, 0, 5, 47616000
1, 0, 6, 47616000
1, 0, 7, 47616000
1, 1, 0, 2976000
1, 1, 1, 2976000
1, 1, 2, 2976000
1, 1, 3, 2976000
1, 1, 4, 11904000
1, 1, 5, 11904000
1, 1, 6, 11904000
1, 1, 7, 11904000
1, 0, 0, 376000
1, 0, 1, 376000
1, 0, 2, 376000
1, 0, 3, 376000
1, 0, 4, 48128000
1, 0, 5, 48128000
1, 0, 6, 48128000
1, 0, 7, 48128000
1, 1, 0, 3008000
1, 1, 1, 3008000
1, 1, 2, 3008000
1, 1, 3, 3008000
1, 1, 4, 12032000
1, 1, 5, 12032000
1, 1, 6, 12032000
1, 1, 7, 12032000
1, 0, 0, 380000
1, 0, 1, 380000
1, 0, 2, 380000
1, 0, 3, 380000
1, 0, 4, 48640000
1, 0, 5, 48640000
1, 0, 6, 48640000
1, 0, 7, 48640000
1, 1, 0, 3040000
1, 1, 1, 3040000
1, 1, 2, 3040000
1, 1, 3, 3040000
1, 1, 4, 12160000
1, 1, 5, 12160000
1, 1, 6, 12160000
1, 1, 7, 12160000
1, 0, 0, 384000
1, 0, 1, 384000
1, 0, 2, 384000
1, 0, 3, 384000
1, 0, 4, 49152000
1, 0, 5, 49152000
1, 0, 6, 49152000
1, 0, 7, 49152000
1, 1, 0, 3072000
1, 1, 1, 3072000
1, 1, 2, 3072000
1, 1, 3, 3072000
1, 1, 4, 12288000
1, 1, 5, 12288000
1, 1, 6, 12288000
1, 1, 7, 12288000
1, 0, 0, 388000
1, 0, 1, 388000
1, 0, 2, 388000
1, 0, 3, 388000
1, 0, 4, 49664000
1, 0, 5, 49664000
1, 0, 6, 49664000
1, 0, 7, 49664000
1, 1, 0, 3104000
1, 1, 1, 3104000
1, 1, 2, 3104000
1, 1, 3, 3104000
1, 1, 4, 12416000
1, 1, 5, 12416000
1, 1, 6, 12416000
1, 1, 7, 12416000
1, 0, 0, 392000
1, 0, 1, 392000
1, 0, 2, 392000
1, 0, 3, 392000
1, 0, 4, 50176000
1, 0, 5, 50176000
1, 0, 6, 50176000
1, 0, 7, 50176000
1, 1, 0, 3136000
1, 1, 1, 3136000
1, 1, 2, 3136000
1, 1, 3, 3136000
1, 1, 4, 12544000
1, 1, 5, 12544000
1, 1, 6, 12544000
1, 1, 7, 12544000
1, 0, 0, 396000
1, 0, 1, 396000
1, 0, 2, 396000
1, 0, 3, 396000
1, 0, 4, 50688000
1, 0, 5, 50688000
1, 0, 6, 50688000
1, 0, 7, 50688000
1, 1, 0, 3168000
1, 1, 1, 3168000
1, 1, 2, 3168000
1, 1, 3, 3168000
1, 1, 4, 12672000
1, 1, 5, 12672000
1, 1, 6, 12672000
1, 1, 7, 12672000
1, 0, 0, 400000
1, 0, 1, 400000
1, 0, 2, 400000
1, 0, 3, 400000
1, 0, 4, 51200000
1, 0, 5, 51200000
1, 0, 6, 51200000
1, 0, 7, 51200000
1, 1, 0, 3200000
1, 1, 1, 3200000
1, 1, 2, 3200000
1, 1, 3, 3200000
1, 1, 4, 12800000
1, 1, 5, 12800000
1, 1, 6, 12800000
1, 1, 7, 12800000
1, 0, 0, 404000
1, 0, 1, 404000
1, 0, 2, 404000
1, 0, 3, 404000
1, 0, 4, 51712000
1, 0, 5, 51712000
1, 0, 6, 51712000
1, 0, 7, 51712000
1, 1, 0, 3232000
1, 1, 1, 3232000
1, 1, 2, 3232000
1, 1, 3, 3232000
1, 1, 4, 12928000
1, 1, 5, 12928000
1, 1, 6, 12928000
1, 1, 7, 12928000
1, 0, 0, 408000
1, 0, 1, 408000
1, 0, 2, 408000
1, 0, 3, 408000
1, 0, 4, 52224000
1, 0, 5, 52224000
1, 0, 6, 52224000
1, 0, 7, 52224000
1, 1, 0, 3264000
1, 1, 1, 3264000
1, 1, 2, 3264000
1, 1, 3, 3264000
1, 1, 4, 13056000
1, 1, 5, 13056000
1, 1, 6, 13056000
1, 1, 7, 13056000
1, 0, 0, 412000
1, 0, 1, 412000
1, 0, 2, 412000
1, 0, 3, 412000
1, 0, 4, 52736000
1, 0, 5, 52736000
1, 0, 6, 52736000
1, 0, 7, 52736000
1, 1, 0, 3296000
1, 1, 1, 3296000
1, 1, 2, 3296000
1, 1, 3, 3296000
1, 1, 4, 13184000
1, 1, 5, 13184000
1, 1, 6, 13184000
1, 1, 7, 13184000
1, 0, 0, 416000
1, 0, 1, 416000
1, 0, 2, 416000
1, 0, 3, 416000
1, 0, 4, 53248000
1, 0, 5, 53248000
1, 0, 6, 53248000
1, 0, 7, 53248000
1, 1, 0, 3328000
1, 1, 1, 3328000
1, 1, 2, 3328000
1, 1, 3, 3328000
1, 1, 4, 13312000
1, 1, 5, 13312000
1, 1, 6, 13312000
1, 1, 7, 13312000
1, 0, 0, 420000
1, 0, 1, 420000
1, 0, 2, 420000
1, 0, 3, 420000
1, 0, 4, 53760000
1, 0, 5, 53760000
1, 0, 6, 53760000
1, 0, 7, 53760000
1, 1, 0, 3360000
1, 1, 1, 3360000
1, 1, 2, 3360000
1, 1, 3, 3360000
1, 1, 4, 13440000
1, 1, 5, 13440000
1, 1, 6, 13440000
1, 1, 7, 13440000
1, 0, 0, 424000
1, 0, 1, 424000
1, 0, 2, 424000
1, 0, 3, 424000
1, 0, 4, 54272000
1, 0, 5, 54272000
1, 0, 6, 54272000
1, 0, 7, 54272000
1, 1, 0, 3392000
1, 1, 1, 3392000
1, 1, 2, 3392000
1, 1, 3, 3392000
1, 1, 4, 13568000
1, 1, 5, 13568000
1, 1, 6, 13568000
1, 1, 7, 13568000
1, 0, 0, 428000
1, 0, 1, 428000
1, 0, 2, 428000
1, 0, 3, 428000
1, 0, 4, 54784000
1, 0, 5, 54784000
1, 0, 6, 54784000
1, 0, 7, 54784000
1, 1, 0, 3424000
1, 1, 1, 3424000
1, 1, 2, 3424000
1, 1, 3, 3424000
1, 1, 4, 13696000
1, 1, 5, 13696000
1, 1, 6, 13696000
1, 1, 7, 13696000
1, 0, 0, 432000
1, 0, 1, 432000
1, 0, 2, 432000
1, 0, 3, 432000
1, 0, 4, 55296000
1, 0, 5, 55296000
1, 0, 6, 55296000
1, 0, 7, 55296000
1, 1, 0, 3456000
1, 1, 1, 3456000
1, 1, 2, 3456000
1, 1, 3, 3456000
1, 1, 4, 13824000
1, 1, 5, 13824000
1, 1, 6, 13824000
1, 1, 7, 13824000
1, 0, 0, 436000
1, 0, 1, 436000
1, 0, 2, 436000
1, 0, 3, 436000
1, 0, 4, 55808000
1, 0, 5, 55808000
1, 0, 6, 55808000
1, 0, 7, 55808000
1, 1, 0, 3488000
1, 1, 1, 3488000
1, 1, 2, 3488000
1, 1, 3, 3488000
1, 1, 4, 13952000
1, 1, 5, 13952000
1, 1, 6, 13952000
1, 1, 7, 13952000
1, 0, 0, 440000
1, 0, 1, 440000
1, 0, 2, 440000
1, 0, 3, 440000
1, 0, 4, 56320000
1, 0, 5, 56320000
1, 0, 6, 56320000
1, 0, 7, 56320000
1, 1, 0, 3520000
1, 1, 1, 3520000
1, 1, 2, 3520000
1, 1, 3, 3520000
1, 1, 4, 14080000
1, 1, 5, 14080000
1, 1, 6, 14080000
1, 1, 7, 14080000
1, 0, 0, 444000
1, 0, 1, 444000
1, 0, 2, 444000
1, 0, 3, 444000
1, 0, 4, 56832000
1, 0, 5, 56832000
1, 0, 6, 56832000
1, 0, 7, 56832000
1, 1, 0, 3552000
1, 1, 1, 3552000
1, 1, 2, 3552000
1, 1, 3, 3552000
1, 1, 4, 14208000
1, 1, 5, 14208000
1, 1, 6, 14208000
1, 1, 7, 14208000
1, 0, 0, 448000
1, 0, 1, 448000
1, 0, 2, 448000
1, 0, 3, 448000
1, 0, 4, 57344000
1, 0, 5, 57344000
1, 0, 6, 57344000
1, 0, 7, 57344000
1, 1, 0, 3584000
1, 1, 1, 3584000
1, 1, 2, 3584000
1, 1, 3, 3584000
1, 1, 4, 14336000
1, 1, 5, 14336000
1, 1, 6, 14336000
1, 1, 7, 14336000
1, 0, 0, 452000
1, 0, 1, 452000
1, 0, 2, 452000
1, 0, 3, 452000
1, 0, 4, 57856000
1, 0, 5, 57856000
1, 0, 6, 57856000
1, 0, 7, 57856000
1, 1, 0, 3616000
1, 1, 1, 3616000
1, 1, 2, 3616000
1, 1, 3, 3616000
1, 1, 4, 14464000
1, 1, 5, 14464000
1, 1, 6, 14464000
1, 1, 7, 14464000
1, 0, 0, 456000
1, 0, 1, 456000
1, 0, 2, 456000
1, 0, 3, 456000
1, 0, 4, 58368000
1, 0, 5, 58368000
1, 0, 6, 58368000
1, 0, 7, 58368000
1, 1, 0, 3648000
1, 1, 1, 3648000
1, 1, 2, 3648000
1, 1, 3, 3648000
1, 1, 4, 14592000
1, 1, 5, 14592000
1, 1, 6, 14592000
1, 1, 7, 14592000
1, 0, 0, 460000
1, 0, 1, 460000
1, 0, 2, 460000
1, 0, 3, 460000
1, 0, 4, 58880000
1, 0, 5, 58880000
1, 0, 6, 58880000
1, 0, 7, 58880000
1, 1, 0, 3680000
1, 1, 1, 3680000
1, 1, 2, 3680000
1, 1, 3, 3680000
1, 1, 4, 14720000
1, 1, 5, 14720000
1, 1, 6, 14720000
1, 1, 7, 14720000
1, 0, 0, 464000
1, 0, 1, 464000
1, 0, 2, 464000
1, 0, 3, 464000
1, 0, 4, 59392000
1, 0, 5, 59392000
1, 0, 6, 59392000
1, 0, 7, 59392000
1, 1, 0, 3712000
1, 1, 1, 3712000
1, 1, 2, 3712000
1, 1, 3, 3712000
1, 1, 4, 14848000
1, 1, 5, 14848000
1, 1, 6, 14848000
1, 1, 7, 14848000
1, 0, 0, 468000
1, 0, 1, 468000
1, 0, 2, 468000
1, 0, 3, 468000
1, 0, 4, 59904000
1, 0, 5, 59904000
1, 0, 6, 59904000
1, 0, 7, 59904000
1, 1, 0, 3744000
1, 1, 1, 3744000
1, 1, 2, 3744000
1, 1, 3, 3744000
1, 1, 4, 14976000
1, 1, 5, 14976000
1, 1, 6, 14976000
1, 1, 7, 14976000
1, 0, 0, 472000
1, 0, 1, 472000
1, 0, 2, 472000
1, 0, 3, 472000
1, 0, 4, 60416000
1, 0, 5, 60416000
1, 0, 6, 60416000
1, 0, 7, 60416000
1, 1, 0, 3776000
1, 1, 1, 3776000
1, 1, 2, 3776000
1, 1, 3, 3776000
1, 1, 4, 15104000
1, 1, 5, 15104000
1, 1, 6, 15104000
1, 1, 7, 15104000
1, 0, 0, 476000
1, 0, 1, 476000
1, 0, 2, 476000
1, 0, 3, 476000
1, 0, 4, 60928000
1, 0, 5, 60928000
1, 0, 6, 60928000
1, 0, 7, 60928000
1, 1, 0, 3808000
1, 1, 1, 3808000
1, 1, 2, 3808000
1, 1, 3, 3808000
1, 1, 4, 15232000
1, 1, 5, 15232000
1, 1, 6, 15232000
1, 1, 7, 15232000
1, 0, 0, 480000
1, 0, 1, 480000
1, 0, 2, 480000
1, 0, 3, 480000
1, 0, 4, 61440000
1, 0, 5, 61440000
1, 0, 6, 61440000
1, 0, 7, 61440000
1, 1, 0, 3840000
1, 1, 1, 3840000
1, 1, 2, 3840000
1, 1, 3, 3840000
1, 1, 4, 15360000
1, 1, 5, 15360000
1, 1, 6, 15360000
1, 1, 7, 15360000
1, 0, 0, 484000
1, 0, 1, 484000
1, 0, 2, 484000
1, 0, 3, 484000
1, 0, 4, 61952000
1, 0, 5, 61952000
1, 0, 6, 61952000
1, 0, 7, 61952000
1, 1, 0, 3872000
1, 1, 1, 3872000
1, 1, 2, 3872000
1, 1, 3, 3872000
1, 1, 4, 15488000
1, 1, 5, 15488000
1, 1, 6, 15488000
1, 1, 7, 15488000
1, 0, 0, 488000
1, 0, 1, 488000
1, 0, 2, 488000
1, 0, 3, 488000
1, 0, 4, 62464000
1, 0, 5, 62464000
1, 0, 6, 62464000
1, 0, 7, 62464000
1, 1, 0, 3904000
1, 1, 1, 3904000
1, 1, 2, 3904000
1, 1, 3, 3904000
1, 1, 4, 15616000
1, 1, 5, 15616000
1, 1, 6, 15616000
1, 1, 7, 15616000
1, 0, 0, 492000
1, 0, 1, 492000
1, 0, 2, 492000
1, 0, 3, 492000
1, 0, 4, 62976000
1, 0, 5, 62976000
1, 0, 6, 62976000
1, 0, 7, 62976000
1, 1, 0, 3936000
1, 1, 1, 3936000
1, 1, 2, 3936000
1, 1, 3, 3936000
1, 1, 4, 15744000
1, 1, 5, 15744000
1, 1, 6, 15744000
1, 1, 7, 15744000
1, 0, 0, 496000
1, 0, 1, 496000
1, 0, 2, 496000
1, 0, 3, 496000
1, 0, 4, 63488000
1, 0, 5, 63488000
1, 0, 6, 63488000
1, 0, 7, 63488000
1, 1, 0, 3968000
1, 1, 1, 3968000
1, 1, 2, 3968000
1, 1, 3, 3968000
1, 1, 4, 15872000
1, 1, 5, 15872000
1, 1, 6, 15872000
1, 1, 7, 15872000
1, 0, 0, 500000
1, 0, 1, 500000
1, 0, 2, 500000
1, 0, 3, 500000
1, 0, 4, 64000000
1, 0, 5, 64000000
1, 0, 6, 64000000
1, 0, 7, 64000000
1, 1, 0, 4000000
1, 1, 1, 4000000
1, 1, 2, 4000000
1, 1, 3, 4000000
1, 1, 4, 16000000
1, 1, 5, 16000000
1, 1, 6, 16000000
1, 1, 7, 16000000
1, 0, 0, 504000
1, 0, 1, 504000
1, 0, 2, 504000
1, 0, 3, 504000
1, 0, 4, 64512000
1, 0, 5, 64512000
1, 0, 6, 64512000
1, 0, 7, 64512000
1, 1, 0, 4032000
1, 1, 1, 4032000
1, 1, 2, 4032000
1, 1, 3, 4032000
1, 1, 4, 16128000
1, 1, 5, 16128000
1, 1, 6, 16128000
1, 1, 7, 16128000
1, 0, 0, 508000
1, 0, 1, 508000
1, 0, 2, 508000
1, 0, 3, 508000
1, 0, 4, 65024000
1, 0, 5, 65024000
1, 0, 6, 65024000
1, 0, 7, 65024000
1, 1, 0, 4064000
1, 1, 1, 4064000
1, 1, 2, 4064000
1, 1, 3, 4064000
1, 1, 4, 16256000
1, 1, 5, 16256000
1, 1, 6, 16256000
1, 1, 7, 16256000
1, 0, 0, 512000
1, 0, 1, 512000
1, 0, 2, 512000
1, 0, 3, 512000
1, 0, 4, 65536000
1, 0, 5, 65536000
1, 0, 6, 65536000
1, 0, 7, 65536000
1, 1, 0, 4096000
1, 1, 1, 4096000
1, 1, 2, 4096000
1, 1, 3, 4096000
1, 1, 4, 16384000
1, 1, 5, 16384000
1, 1, 6, 16384000
1, 1, 7, 16384000
1, 0, 0, 516000
1, 0, 1, 516000
1, 0, 2, 516000
1, 0, 3, 516000
1, 0, 4, 66048000
1, 0, 5, 66048000
1, 0, 6, 66048000
1, 0, 7, 66048000
1, 1, 0, 4128000
1, 1, 1, 4128000
1, 1, 2, 4128000
1, 1, 3, 4128000
1, 1, 4, 16512000
1, 1, 5, 16512000
1, 1, 6, 16512000
1, 1, 7, 16512000
1, 0, 0, 520000
1, 0, 1, 520000
1, 0, 2, 520000
1, 0, 3, 520000
1, 0, 4, 66560000
1, 0, 5, 66560000
1, 0, 6, 66560000
1, 0, 7, 66560000
1, 1, 0, 4160000
1, 1, 1, 4160000
1, 1, 2, 4160000
1, 1, 3, 4160000
1, 1, 4, 16640000
1, 1, 5, 16640000
1, 1, 6, 16640000
1, 1, 7, 16640000
1, 0, 0, 524000
1, 0, 1, 524000
1, 0, 2, 524000
1, 0, 3, 524000
1, 0, 4, 67072000
1, 0, 5, 67072000
1, 0, 6, 67072000
1, 0, 7, 67072000
1, 1, 0, 4192000
1, 1, 1, 4192000
1, 1, 2, 4192000
1, 1, 3, 4192000
1, 1, 4, 16768000
1, 1, 5, 16768000
1, 1, 6, 16768000
1, 1, 7, 16768000
1, 0, 0, 528000
1, 0, 1, 528000
1, 0, 2, 528000
1, 0, 3, 528000
1, 0, 4, 67584000
1, 0, 5, 67584000
1, 0, 6, 67584000
1, 0, 7, 67584000
1, 1, 0, 4224000
1, 1, 1, 4224000
1, 1, 2, 4224000
1, 1, 3, 4224000
1, 1, 4, 16896000
1, 1, 5, 16896000
1, 1, 6, 16896000
1, 1, 7, 16896000
1, 0, 0, 532000
1, 0, 1, 532000
1, 0, 2, 532000
1, 0, 3, 532000
1, 0, 4, 68096000
1, 0, 5, 68096000
1, 0, 6, 68096000
1, 0, 7, 68096000
1, 1, 0, 4256000
1, 1, 1, 4256000
1, 1, 2, 4256000
1, 1, 3, 4256000
1, 1, 4, 17024000
1, 1, 5, 17024000
1, 1, 6, 17024000
1, 1, 7, 17024000
1, 0, 0, 536000
1, 0, 1, 536000
1, 0, 2, 536000
1, 0, 3, 536000
1, 0, 4, 68608000
1, 0, 5, 68608000
1, 0, 6, 68608000
1, 0, 7, 68608000
1, 1, 0, 4288000
1, 1, 1, 4288000
1, 1, 2, 4288000
1, 1, 3, 4288000
1, 1, 4, 17152000
1, 1, 5, 17152000
1, 1, 6, 17152000
1, 1, 7, 17152000
1, 0, 0, 540000
1, 0, 1, 540000
1, 0, 2, 540000
1, 0, 3, 540000
1, 0, 4, 69120000
1, 0, 5, 69120000
1, 0, 6, 69120000
1, 0, 7, 69120000
1, 1, 0, 4320000
1, 1, 1, 4320000
1, 1, 2, 4320000
1, 1, 3, 4320000
1, 1, 4, 17280000
1, 1, 5, 17280000
1, 1, 6, 17280000
1, 1, 7, 17280000
1, 0, 0, 544000
1, 0, 1, 544000
1, 0, 2, 544000
1, 0, 3, 544000
1, 0, 4, 69632000
1, 0, 5, 69632000
1, 0, 6, 69632000
1, 0, 7, 69632000
1, 1, 0, 4352000
1, 1, 1, 4352000
1, 1, 2, 4352000
1, 1, 3, 4352000
1, 1, 4, 17408000
1, 1, 5, 17408000
1, 1, 6, 17408000
1, 1, 7, 17408000
1, 0, 0, 548000
1, 0, 1, 548000
1, 0, 2, 548000
1, 0, 3, 548000
1, 0, 4, 70144000
1, 0, 5, 70144000
1, 0, 6, 70144000
1, 0, 7, 70144000
1, 1, 0, 4384000
1, 1, 1, 4384000
1, 1, 2, 4384000
1, 1, 3, 4384000
1, 1, 4, 17536000
1, 1, 5, 17536000
1, 1, 6, 17536000
1, 1, 7, 17536000
1, 0, 0, 552000
1, 0, 1, 552000
1, 0, 2, 552000
1, 0, 3, 552000
1, 0, 4, 70656000
1, 0, 5, 70656000
1, 0, 6, 70656000
1, 0, 7, 70656000
1, 1, 0, 4416000
1, 1, 1, 4416000
1, 1, 2, 4416000
1, 1, 3, 4416000
1, 1, 4, 17664000
1, 1, 5, 17664000
1, 1, 6, 17664000
1, 1, 7, 17664000
1, 0, 0, 556000
1, 0, 1, 556000
1, 0, 2, 556000
1, 0, 3, 556000
1, 0, 4, 71168000
1, 0, 5, 71168000
1, 0, 6, 71168000
1, 0, 7, 71168000
1, 1, 0, 4448000
1, 1, 1, 4448000
1, 1, 2, 4448000
1, 1, 3, 4448000
1, 1, 4, 17792000
1, 1, 5, 17792000
1, 1, 6, 17792000
1, 1, 7, 17792000
1, 0, 0, 560000
1, 0, 1, 560000
1, 0, 2, 560000
1, 0, 3, 560000
1, 0, 4, 71680000
1, 0, 5, 71680000
1, 0, 6, 71680000
1, 0, 7, 71680000
1, 1, 0, 4480000
1, 1, 1, 4480000
1, 1, 2, 4480000
1, 1, 3, 4480000
1, 1, 4, 17920000
1, 1, 5, 17920000
1, 1, 6, 17920000
1, 1, 7, 17920000
1, 0, 0, 564000
1, 0, 1, 564000
1, 0, 2, 564000
1, 0, 3, 564000
1, 0, 4, 72192000
1, 0, 5, 72192000
1, 0, 6, 72192000
1, 0, 7, 72192000
1, 1, 0, 4512000
1, 1, 1, 4512000
1, 1, 2, 4512000
1, 1, 3, 4512000
1, 1, 4, 18048000
1, 1, 5, 18048000
1, 1, 6, 18048000
1, 1, 7, 18048000
1, 0, 0, 568000
1, 0, 1, 568000
1, 0, 2, 568000
1, 0, 3, 568000
1, 0, 4, 72704000
1, 0, 5, 72704000
1, 0, 6, 72704000
1, 0, 7, 72704000
1, 1, 0, 4544000
1, 1, 1, 4544000
1, 1, 2, 4544000
1, 1, 3, 4544000
1, 1, 4, 18176000
1, 1, 5, 18176000
1, 1, 6, 18176000
1, 1, 7, 18176000
1, 0, 0, 572000
1, 0, 1, 572000
1, 0, 2, 572000
1, 0, 3, 572000
1, 0, 4, 73216000
1, 0, 5, 73216000
1, 0, 6, 73216000
1, 0, 7, 73216000
1, 1, 0, 4576000
1, 1, 1, 4576000
1, 1, 2, 4576000
1, 1, 3, 4576000
1, 1, 4, 18304000
1, 1, 5, 18304000
1, 1, 6, 18304000
1, 1, 7, 18304000
1, 0, 0, 576000
1, 0, 1, 576000
1, 0, 2, 576000
1, 0, 3, 576000
1, 0, 4, 73728000
1, 0, 5, 73728000
1, 0, 6, 73728000
1, 0, 7, 73728000
1, 1, 0, 4608000
1, 1, 1, 4608000
1, 1, 2, 4608000
1, 1, 3, 4608000
1, 1, 4, 18432000
1, 1, 5, 18432000
1, 1, 6, 18432000
1, 1, 7, 18432000
1, 0, 0, 580000
1, 0, 1, 580000
1, 0, 2, 580000
1, 0, 3, 580000
1, 0, 4, 74240000
1, 0, 5, 74240000
1, 0, 6, 74240000
1, 0, 7, 74240000
1, 1, 0, 4640000
1, 1, 1, 4640000
1, 1, 2, 4640000
1, 1, 3, 4640000
1, 1, 4, 18560000
1, 1, 5, 18560000
1, 1, 6, 18560000
1, 1, 7, 18560000
1, 0, 0, 584000
1, 0, 1, 584000
1, 0, 2, 584000
1, 0, 3, 584000
1, 0, 4, 74752000
1, 0, 5, 74752000
1, 0, 6, 74752000
1, 0, 7, 74752000
1, 1, 0, 4672000
1, 1, 1, 4672000
1, 1, 2, 4672000
1, 1, 3, 4672000
1, 1, 4, 18688000
1, 1, 5, 18688000
1, 1, 6, 18688000
1, 1, 7, 18688000
1, 0, 0, 588000
1, 0, 1, 588000
1, 0, 2, 588000
1, 0, 3, 588000
1, 0, 4, 75264000
1, 0, 5, 75264000
1, 0, 6, 75264000
1, 0, 7, 75264000
1, 1, 0, 4704000
1, 1, 1, 4704000
1, 1, 2, 4704000
1, 1, 3, 4704000
1, 1, 4, 18816000
1, 1, 5, 18816000
1, 1, 6, 18816000
1, 1, 7, 18816000
1, 0, 0, 592000
1, 0, 1, 592000
1, 0, 2, 592000
1, 0, 3, 592000
1, 0, 4, 75776000
1, 0, 5, 75776000
1, 0, 6, 75776000
1, 0, 7, 75776000
1, 1, 0, 4736000
1, 1, 1, 4736000
1, 1, 2, 4736000
1, 1, 3, 4736000
1, 1, 4, 18944000
1, 1, 5, 18944000
1, 1, 6, 18944000
1, 1, 7, 18944000
1, 0, 0, 596000
1, 0, 1, 596000
1, 0, 2, 596000
1, 0, 3, 596000
1, 0, 4, 76288000
1, 0, 5, 76288000
1, 0, 6, 76288000
1, 0, 7, 76288000
1, 1, 0, 4768000
1, 1, 1, 4768000
1, 1, 2, 4768000
1, 1, 3, 4768000
1, 1, 4, 19072000
1, 1, 5, 19072000
1, 1, 6, 19072000
1, 1, 7, 19072000
1, 0, 0, 600000
1, 0, 1, 600000
1, 0, 2, 600000
1, 0, 3, 600000
1, 0, 4, 76800000
1, 0, 5, 76800000
1, 0, 6, 76800000
1, 0, 7, 76800000
1, 1, 0, 4800000
1, 1, 1, 4800000
1, 1, 2, 4800000
1, 1, 3, 4800000
1, 1, 4, 19200000
1, 1, 5, 19200000
1, 1, 6, 19200000
1, 1, 7, 19200000
1, 0, 0, 604000
1, 0, 1, 604000
1, 0, 2, 604000
1, 0, 3, 604000
1, 0, 4, 77312000
1, 0, 5, 77312000
1, 0, 6, 77312000
1, 0, 7, 77312000
1, 1, 0, 4832000
1, 1, 1, 4832000
1, 1, 2, 4832000
1, 1, 3, 4832000
1, 1, 4, 19328000
1, 1, 5, 19328000
1, 1, 6, 19328000
1, 1, 7, 19328000
1, 0, 0, 608000
1, 0, 1, 608000
1, 0, 2, 608000
1, 0, 3, 608000
1, 0, 4, 77824000
1, 0, 5, 77824000
1, 0, 6, 77824000
1, 0, 7, 77824000
1, 1, 0, 4864000
1, 1, 1, 4864000
1, 1, 2, 4864000
1, 1, 3, 4864000
1, 1, 4, 19456000
1, 1, 5, 19456000
1, 1, 6, 19456000
1, 1, 7, 19456000
1, 0, 0, 612000
1, 0, 1, 612000
1, 0, 2, 612000
1, 0, 3, 612000
1, 0, 4, 78336000
1, 0, 5, 78336000
1, 0, 6, 78336000
1, 0, 7, 78336000
1, 1, 0, 4896000
1, 1, 1, 4896000
1, 1, 2, 4896000
1, 1, 3, 4896000
1, 1, 4, 19584000
1, 1, 5, 19584000
1, 1, 6, 19584000
1, 1, 7, 19584000
1, 0, 0, 616000
1, 0, 1, 616000
1, 0, 2, 616000
1, 0, 3, 616000
1, 0, 4, 78848000
1, 0, 5, 78848000
1, 0, 6, 78848000
1, 0, 7, 78848000
1, 1, 0, 4928000
1, 1, 1, 4928000
1, 1, 2, 4928000
1, 1, 3, 4928000
1, 1, 4, 19712000
1, 1, 5, 19712000
1, 1, 6, 19712000
1, 1, 7, 19712000
1, 0, 0, 620000
1, 0, 1, 620000
1, 0, 2, 620000
1, 0, 3, 620000
1, 0, 4, 79360000
1, 0, 5, 79360000
1, 0, 6, 79360000
1, 0, 7, 79360000
1, 1, 0, 4960000
1, 1, 1, 4960000
1, 1, 2, 4960000
1, 1, 3, 4960000
1, 1, 4, 19840000
1, 1, 5, 19840000
1, 1, 6, 19840000
1, 1, 7, 19840000
1, 0, 0, 624000
1, 0, 1, 624000
1, 0, 2, 624000
1, 0, 3, 624000
1, 0, 4, 79872000
1, 0, 5, 79872000
1, 0, 6, 79872000
1, 0, 7, 79872000
1, 1, 0, 4992000
1, 1, 1, 4992000
1, 1, 2, 4992000
1, 1, 3, 4992000
1, 1, 4, 19968000
1, 1, 5, 19968000
1, 1, 6, 19968000
1, 1, 7, 19968000
1, 0, 0, 628000
1, 0, 1, 628000
1, 0, 2, 628000
1, 0, 3, 628000
1, 0, 4, 80384000
1, 0, 5, 80384000
1, 0, 6, 80384000
1, 0, 7, 80384000
1, 1, 0, 5024000
1, 1, 1, 5024000
1, 1, 2, 5024000
1, 1, 3, 5024000
1, 1, 4, 20096000
1, 1, 5, 20096000
1, 1, 6, 20096000
1, 1, 7, 20096000
1, 0, 0, 632000
1, 0, 1, 632000
1, 0, 2, 632000
1, 0, 3, 632000
1, 0, 4, 80896000
1, 0, 5, 80896000
1, 0, 6, 80896000
1, 0, 7, 80896000
1, 1, 0, 5056000
1, 1, 1, 5056000
1, 1, 2, 5056000
1, 1, 3, 5056000
1, 1, 4, 20224000
1, 1, 5, 20224000
1, 1, 6, 20224000
1, 1, 7, 20224000
1, 0, 0, 636000
1, 0, 1, 636000
1, 0, 2, 636000
1, 0, 3, 636000
1, 0, 4, 81408000
1, 0, 5, 81408000
1, 0, 6, 81408000
1, 0, 7, 81408000
1, 1, 0, 5088000
1, 1, 1, 5088000
1, 1, 2, 5088000
1, 1, 3, 5088000
1, 1, 4, 20352000
1, 1, 5, 20352000
1, 1, 6, 20352000
1, 1, 7, 20352000
1, 0, 0, 640000
1, 0, 1, 640000
1, 0, 2, 640000
1, 0, 3, 640000
1, 0, 4, 81920000
1, 0, 5, 81920000
1, 0, 6, 81920000
1, 0, 7, 81920000
1, 1, 0, 5120000
1, 1, 1, 5120000
1, 1, 2, 5120000
1, 1, 3, 5120000
1, 1, 4, 20480000
1, 1, 5, 20480000
1, 1, 6, 20480000
1, 1, 7, 20480000
1, 0, 0, 644000
1, 0, 1, 644000
1, 0, 2, 644000
1, 0, 3, 644000
1, 0, 4, 82432000
1, 0, 5, 82432000
1, 0, 6, 82432000
1, 0, 7, 82432000
1, 1, 0, 5152000
1, 1, 1, 5152000
1, 1, 2, 5152000
1, 1, 3, 5152000
1, 1, 4, 20608000
1, 1, 5, 20608000
1, 1, 6, 20608000
1, 1, 7, 20608000
1, 0, 0, 648000
1, 0, 1, 648000
1, 0, 2, 648000
1, 0, 3, 648000
1, 0, 4, 82944000
1, 0, 5, 82944000
1, 0, 6, 82944000
1, 0, 7, 82944000
1, 1, 0, 5184000
1, 1, 1, 5184000
1, 1, 2, 5184000
1, 1, 3, 5184000
1, 1, 4, 20736000
1, 1, 5, 20736000
1, 1, 6, 20736000
1, 1, 7, 20736000
1, 0, 0, 652000
1, 0, 1, 652000
1, 0, 2, 652000
1, 0, 3, 652000
1, 0, 4, 83456000
1, 0, 5, 83456000
1, 0, 6, 83456000
1, 0, 7, 83456000
1, 1, 0, 5216000
1, 1, 1, 5216000
1, 1, 2, 5216000
1, 1, 3, 5216000
1, 1, 4, 20864000
1, 1, 5, 20864000
1, 1, 6, 20864000
1, 1, 7, 20864000
1, 0, 0, 656000
1, 0, 1, 656000
1, 0, 2, 656000
1, 0, 3, 656000
1, 0, 4, 83968000
1, 0, 5, 83968000
1, 0, 6, 83968000
1, 0, 7, 83968000
1, 1, 0, 5248000
1, 1, 1, 5248000
1, 1, 2, 5248000
1, 1, 3, 5248000
1, 1, 4, 20992000
1, 1, 5, 20992000
1, 1, 6, 20992000
1, 1, 7, 20992000
1, 0, 0, 660000
1, 0, 1, 660000
1, 0, 2, 660000
1, 0, 3, 660000
1, 0, 4, 84480000
1, 0, 5, 84480000
1, 0, 6, 84480000
1, 0, 7, 84480000
1, 1, 0, 5280000
1, 1, 1, 5280000
1, 1, 2, 5280000
1, 1, 3, 5280000
1, 1, 4, 21120000
1, 1, 5, 21120000
1, 1, 6, 21120000
1, 1, 7, 21120000
1, 0, 0, 664000
1, 0, 1, 664000
1, 0, 2, 664000
1, 0, 3, 664000
1, 0, 4, 84992000
1, 0, 5, 84992000
1, 0, 6, 84992000
1, 0, 7, 84992000
1, 1, 0, 5312000
1, 1, 1, 5312000
1, 1, 2, 5312000
1, 1, 3, 5312000
1, 1, 4, 21248000
1, 1, 5, 21248000
1, 1, 6, 21248000
1, 1, 7, 21248000
1, 0, 0, 668000
1, 0, 1, 668000
1, 0, 2, 668000
1, 0, 3, 668000
1, 0, 4, 85504000
1, 0, 5, 85504000
1, 0, 6, 85504000
1, 0, 7, 85504000
1, 1, 0, 5344000
1, 1, 1, 5344000
1, 1, 2, 5344000
1, 1, 3, 5344000
1, 1, 4, 21376000
1, 1, 5, 21376000
1, 1, 6, 21376000
1, 1, 7, 21376000
1, 0, 0, 672000
1, 0, 1, 672000
1, 0, 2, 672000
1, 0, 3, 672000
1, 0, 4, 86016000
1, 0, 5, 86016000
1, 0, 6, 86016000
1, 0, 7, 86016000
1, 1, 0, 5376000
1, 1, 1, 5376000
1, 1, 2, 5376000
1, 1, 3, 5376000
1, 1, 4, 21504000
1, 1, 5, 21504000
1, 1, 6, 21504000
1, 1, 7, 21504000
1, 0, 0, 676000
1, 0, 1, 676000
1, 0, 2, 676000
1, 0, 3, 676000
1, 0, 4, 86528000
1, 0, 5, 86528000
1, 0, 6, 86528000
1, 0, 7, 86528000
1, 1, 0, 5408000
1, 1, 1, 5408000
1, 1, 2, 5408000
1, 1, 3, 5408000
1, 1, 4, 21632000
1, 1, 5, 21632000
1, 1, 6, 21632000
1, 1, 7, 21632000
1, 0, 0, 680000
1, 0, 1, 680000
1, 0, 2, 680000
1, 0, 3, 680000
1, 0, 4, 87040000
1, 0, 5, 87040000
1, 0, 6, 87040000
1, 0, 7, 87040000
1, 1, 0, 5440000
1, 1, 1, 5440000
1, 1, 2, 5440000
1, 1, 3, 5440000
1, 1, 4, 21760000
1, 1, 5, 21760000
1, 1, 6, 21760000
1, 1, 7, 21760000
1, 0, 0, 684000
1, 0, 1, 684000
1, 0, 2, 684000
1, 0, 3, 684000
1, 0, 4, 87552000
1, 0, 5, 87552000
1, 0, 6, 87552000
1, 0, 7, 87552000
1, 1, 0, 5472000
1, 1, 1, 5472000
1, 1, 2, 5472000
1, 1, 3, 5472000
1, 1, 4, 21888000
1, 1, 5, 21888000
1, 1, 6, 21888000
1, 1, 7, 21888000
1, 0, 0, 688000
1, 0, 1, 688000
1, 0, 2, 688000
1, 0, 3, 688000
1, 0, 4, 88064000
1, 0, 5, 88064000
1, 0, 6, 88064000
1, 0, 7, 88064000
1, 1, 0, 5504000
1, 1, 1, 5504000
1, 1, 2, 5504000
1, 1, 3, 5504000
1, 1, 4, 22016000
1, 1, 5, 22016000
1, 1, 6, 22016000
1, 1, 7, 22016000
1, 0, 0, 692000
1, 0, 1, 692000
1, 0, 2, 692000
1, 0, 3, 692000
1, 0, 4, 88576000
1, 0, 5, 88576000
1, 0, 6, 88576000
1, 0, 7, 88576000
1, 1, 0, 5536000
1, 1, 1, 5536000
1, 1, 2, 5536000
1, 1, 3, 5536000
1, 1, 4, 22144000
1, 1, 5, 22144000
1, 1, 6, 22144000
1, 1, 7, 22144000
1, 0, 0, 696000
1, 0, 1, 696000
1, 0, 2, 696000
1, 0, 3, 696000
1, 0, 4, 89088000
1, 0, 5, 89088000
1, 0, 6, 89088000
1, 0, 7, 89088000
1, 1, 0, 5568000
1, 1, 1, 5568000
1, 1, 2, 5568000
1, 1, 3, 5568000
1, 1, 4, 22272000
1, 1, 5, 22272000
1, 1, 6, 22272000
1, 1, 7, 22272000
1, 0, 0, 700000
1, 0, 1, 700000
1, 0, 2, 700000
1, 0, 3, 700000
1, 0, 4, 89600000
1, 0, 5, 89600000
1, 0, 6, 89600000
1, 0, 7, 89600000
1, 1, 0, 5600000
1, 1, 1, 5600000
1, 1, 2, 5600000
1, 1, 3, 5600000
1, 1, 4, 22400000
1, 1, 5, 22400000
1, 1, 6, 22400000
1, 1, 7, 22400000
1, 0, 0, 704000
1, 0, 1, 704000
1, 0, 2, 704000
1, 0, 3, 704000
1, 0, 4, 90112000
1, 0, 5, 90112000
1, 0, 6, 90112000
1, 0, 7, 90112000
1, 1, 0, 5632000
1, 1, 1, 5632000
1, 1, 2, 5632000
1, 1, 3, 5632000
1, 1, 4, 22528000
1, 1, 5, 22528000
1, 1, 6, 22528000
1, 1, 7, 22528000
1, 0, 0, 708000
1, 0, 1, 708000
1, 0, 2, 708000
1, 0, 3, 708000
1, 0, 4, 90624000
1, 0, 5, 90624000
1, 0, 6, 90624000
1, 0, 7, 90624000
1, 1, 0, 5664000
1, 1, 1, 5664000
1, 1, 2, 5664000
1, 1, 3, 5664000
1, 1, 4, 22656000
1, 1, 5, 22656000
1, 1, 6, 22656000
1, 1, 7, 22656000
1, 0, 0, 712000
1, 0, 1, 712000
1, 0, 2, 712000
1, 0, 3, 712000
1, 0, 4, 91136000
1, 0, 5, 91136000
1, 0, 6, 91136000
1, 0, 7, 91136000
1, 1, 0, 5696000
1, 1, 1, 5696000
1, 1, 2, 5696000
1, 1, 3, 5696000
1, 1, 4, 22784000
1, 1, 5, 22784000
1, 1, 6, 22784000
1, 1, 7, 22784000
1, 0, 0, 716000
1, 0, 1, 716000
1, 0, 2, 716000
1, 0, 3, 716000
1, 0, 4, 91648000
1, 0, 5, 91648000
1, 0, 6, 91648000
1, 0, 7, 91648000
1, 1, 0, 5728000
1, 1, 1, 5728000
1, 1, 2, 5728000
1, 1, 3, 5728000
1, 1, 4, 22912000
1, 1, 5, 22912000
1, 1, 6, 22912000
1, 1, 7, 22912000
1, 0, 0, 720000
1, 0, 1, 720000
1, 0, 2, 720000
1, 0, 3, 720000
1, 0, 4, 92160000
1, 0, 5, 92160000
1, 0, 6, 92160000
1, 0, 7, 92160000
1, 1, 0, 5760000
1, 1, 1, 5760000
1, 1, 2, 5760000
1, 1, 3, 5760000
1, 1, 4, 23040000
1, 1, 5, 23040000
1, 1, 6, 23040000
1, 1, 7, 23040000
1, 0, 0, 724000
1, 0, 1, 724000
1, 0, 2, 724000
1, 0, 3, 724000
1, 0, 4, 92672000
1, 0, 5, 92672000
1, 0, 6, 92672000
1, 0, 7, 92672000
1, 1, 0, 5792000
1, 1, 1, 5792000
1, 1, 2, 5792000
1, 1, 3, 5792000
1, 1, 4, 23168000
1, 1, 5, 23168000
1, 1, 6, 23168000
1, 1, 7, 23168000
1, 0, 0, 728000
1, 0, 1, 728000
1, 0, 2, 728000
1, 0, 3, 728000
1, 0, 4, 93184000
1, 0, 5, 93184000
1, 0, 6, 93184000
1, 0, 7, 93184000
1, 1, 0, 5824000
1, 1, 1, 5824000
1, 1, 2, 5824000
1, 1, 3, 5824000
1, 1, 4, 23296000
1, 1, 5, 23296000
1, 1, 6, 23296000
1, 1, 7, 23296000
1, 0, 0, 732000
1, 0, 1, 732000
1, 0, 2, 732000
1, 0, 3, 732000
1, 0, 4, 93696000
1, 0, 5, 93696000
1, 0, 6, 93696000
1, 0, 7, 93696000
1, 1, 0, 5856000
1, 1, 1, 5856000
1, 1, 2, 5856000
1, 1, 3, 5856000
1, 1, 4, 23424000
1, 1, 5, 23424000
1, 1, 6, 23424000
1, 1, 7, 23424000
1, 0, 0, 736000
1, 0, 1, 736000
1, 0, 2, 736000
1, 0, 3, 736000
1, 0, 4, 94208000
1, 0, 5, 94208000
1, 0, 6, 94208000
1, 0, 7, 94208000
1, 1, 0, 5888000
1, 1, 1, 5888000
1, 1, 2, 5888000
1, 1, 3, 5888000
1, 1, 4, 23552000
1, 1, 5, 23552000
1, 1, 6, 23552000
1, 1, 7, 23552000
1, 0, 0, 740000
1, 0, 1, 740000
1, 0, 2, 740000
1, 0, 3, 740000
1, 0, 4, 94720000
1, 0, 5, 94720000
1, 0, 6, 94720000
1, 0, 7, 94720000
1, 1, 0, 5920000
1, 1, 1, 5920000
1, 1, 2, 5920000
1, 1, 3, 5920000
1, 1, 4, 23680000
1, 1, 5, 23680000
1, 1, 6, 23680000
1, 1, 7, 23680000
1, 0, 0, 744000
1, 0, 1, 744000
1, 0, 2, 744000
1, 0, 3, 744000
1, 0, 4, 95232000
1, 0, 5, 95232000
1, 0, 6, 95232000
1, 0, 7, 95232000
1, 1, 0, 5952000
1, 1, 1, 5952000
1, 1, 2, 5952000
1, 1, 3, 5952000
1, 1, 4, 23808000
1, 1, 5, 23808000
1, 1, 6, 23808000
1, 1, 7, 23808000
1, 0, 0, 748000
1, 0, 1, 748000
1, 0, 2, 748000
1, 0, 3, 748000
1, 0, 4, 95744000
1, 0, 5, 95744000
1, 0, 6, 95744000
1, 0, 7, 95744000
1, 1, 0, 5984000
1, 1, 1, 5984000
1, 1, 2, 5984000
1, 1, 3, 5984000
1, 1, 4, 23936000
1, 1, 5, 23936000
1, 1, 6, 23936000
1, 1, 7, 23936000
1, 0, 0, 752000
1, 0, 1, 752000
1, 0, 2, 752000
1, 0, 3, 752000
1, 0, 4, 96256000
1, 0, 5, 96256000
1, 0, 6, 96256000
1, 0, 7, 96256000
1, 1, 0, 6016000
1, 1, 1, 6016000
1, 1, 2, 6016000
1, 1, 3, 6016000
1, 1, 4, 24064000
1, 1, 5, 24064000
1, 1, 6, 24064000
1, 1, 7, 24064000
1, 0, 0, 756000
1, 0, 1, 756000
1, 0, 2, 756000
1, 0, 3, 756000
1, 0, 4, 96768000
1, 0, 5, 96768000
1, 0, 6, 96768000
1, 0, 7, 96768000
1, 1, 0, 6048000
1, 1, 1, 6048000
1, 1, 2, 6048000
1, 1, 3, 6048000
1, 1, 4, 24192000
1, 1, 5, 24192000
1, 1, 6, 24192000
1, 1, 7, 24192000
1, 0, 0, 760000
1, 0, 1, 760000
1, 0, 2, 760000
1, 0, 3, 760000
1, 0, 4, 97280000
1, 0, 5, 97280000
1, 0, 6, 97280000
1, 0, 7, 97280000
1, 1, 0, 6080000
1, 1, 1, 6080000
1, 1, 2, 6080000
1, 1, 3, 6080000
1, 1, 4, 24320000
1, 1, 5, 24320000
1, 1, 6, 24320000
1, 1, 7, 24320000
1, 0, 0, 764000
1, 0, 1, 764000
1, 0, 2, 764000
1, 0, 3, 764000
1, 0, 4, 97792000
1, 0, 5, 97792000
1, 0, 6, 97792000
1, 0, 7, 97792000
1, 1, 0, 6112000
1, 1, 1, 6112000
1, 1, 2, 6112000
1, 1, 3, 6112000
1, 1, 4, 24448000
1, 1, 5, 24448000
1, 1, 6, 24448000
1, 1, 7, 24448000
1, 0, 0, 768000
1, 0, 1, 768000
1, 0, 2, 768000
1, 0, 3, 768000
1, 0, 4, 98304000
1, 0, 5, 98304000
1, 0, 6, 98304000
1, 0, 7, 98304000
1, 1, 0, 6144000
1, 1, 1, 6144000
1, 1, 2, 6144000
1, 1, 3, 6144000
1, 1, 4, 24576000
1, 1, 5, 24576000
1, 1, 6, 24576000
1, 1, 7, 24576000
1, 0, 0, 772000
1, 0, 1, 772000
1, 0, 2, 772000
1, 0, 3, 772000
1, 0, 4, 98816000
1, 0, 5, 98816000
1, 0, 6, 98816000
1, 0, 7, 98816000
1, 1, 0, 6176000
1, 1, 1, 6176000
1, 1, 2, 6176000
1, 1, 3, 6176000
1, 1, 4, 24704000
1, 1, 5, 24704000
1, 1, 6, 24704000
1, 1, 7, 24704000
1, 0, 0, 776000
1, 0, 1, 776000
1, 0, 2, 776000
1, 0, 3, 776000
1, 0, 4, 99328000
1, 0, 5, 99328000
1, 0, 6, 99328000
1, 0, 7, 99328000
1, 1, 0, 6208000
1, 1, 1, 6208000
1, 1, 2, 6208000
1, 1, 3, 6208000
1, 1, 4, 24832000
1, 1, 5, 24832000
1, 1, 6, 24832000
1, 1, 7, 24832000
1, 0, 0, 780000
1, 0, 1, 780000
1, 0, 2, 780000
1, 0, 3, 780000
1, 0, 4, 99840000
1, 0, 5, 99840000
1, 0, 6, 99840000
1, 0, 7, 99840000
1, 1, 0, 6240000
1, 1, 1, 6240000
1, 1, 2, 6240000
1, 1, 3, 6240000
1, 1, 4, 24960000
1, 1, 5, 24960000
1, 1, 6, 24960000
1, 1, 7, 24960000
1, 0, 0, 784000
1, 0, 1, 784000
1, 0, 2, 784000
1, 0, 3, 784000
1, 0, 4, 100352000
1, 0, 5, 100352000
1, 0, 6, 100352000
1, 0, 7, 100352000
1, 1, 0, 6272000
1, 1, 1, 6272000
1, 1, 2, 6272000
1, 1, 3, 6272000
1, 1, 4, 25088000
1, 1, 5, 25088000
1, 1, 6, 25088000
1, 1, 7, 25088000
1, 0, 0, 788000
1, 0, 1, 788000
1, 0, 2, 788000
1, 0, 3, 788000
1, 0, 4, 100864000
1, 0, 5, 100864000
1, 0, 6, 100864000
1, 0, 7, 100864000
1, 1, 0, 6304000
1, 1, 1, 6304000
1, 1, 2, 6304000
1, 1, 3, 6304000
1, 1, 4, 25216000
1, 1, 5, 25216000
1, 1, 6, 25216000
1, 1, 7, 25216000
1, 0, 0, 792000
1, 0, 1, 792000
1, 0, 2, 792000
1, 0, 3, 792000
1, 0, 4, 101376000
1, 0, 5, 101376000
1, 0, 6, 101376000
1, 0, 7, 101376000
1, 1, 0, 6336000
1, 1, 1, 6336000
1, 1, 2, 6336000
1, 1, 3, 6336000
1, 1, 4, 25344000
1, 1, 5, 25344000
1, 1, 6, 25344000
1, 1, 7, 25344000
1, 0, 0, 796000
1, 0, 1, 796000
1, 0, 2, 796000
1, 0, 3, 796000
1, 0, 4, 101888000
1, 0, 5, 101888000
1, 0, 6, 101888000
1, 0, 7, 101888000
1, 1, 0, 6368000
1, 1, 1, 6368000
1, 1, 2, 6368000
1, 1, 3, 6368000
1, 1, 4, 25472000
1, 1, 5, 25472000
1, 1, 6, 25472000
2, 1, 7, 25472000
